path,visit,duration,order,morning,weekend,expense,payment,gender,age,os,income,satis
Instagram,1,3,0,0,0,0,,Female,20,Android,1900,
Instagram,2,11,0,0,0,0,,Male,20,Android,1450,
Kakao,3,11,0,0,0,0,,Female,20,Android,850,
Kakao,3,9,0,0,0,0,,Male,20,Android,1700,
Instagram,7,6,6,0,4,,간편결제,Male,20,Android,250,3
Instagram,14,15,6,0,4,20,간편결제,Female,20,iOS,700,3
Facebook,15,9,10,0,7,29,신용카드,Male,20,Android,1100,1
Instagram,22,13,9,0,7,43,간편결제,Female,20,Android,950,2
Facebook,26,10,10,0,7,67,계좌이체,Female,20,Android,850,5
Banner,30,14,5,0,5,117,간편결제,Male,20,Android,1600,2
Banner,35,5,8,0,6,50,신용카드,Male,20,iOS,800,4
Instagram,36,6,13,0,7,74,간편결제,Female,20,Android,700,5
Instagram,37,11,19,0,10,106,간편결제,Female,20,iOS,1000,3
Instagram,37,13,13,0,7,47,신용카드,Male,20,iOS,500,3
Instagram,39,15,15,1,6,282,신용카드,Female,20,iOS,1600,3
Facebook,43,24,17,6,2,652,간편결제,Male,20,Android,1600,7
Facebook,43,24,17,3,5,321,신용카드,Male,20,iOS,1350,7
Kakao,45,11,16,0,7,,간편결제,Male,20,Android,300,2
Instagram,50,7,17,3,5,313,간편결제,,20,Android,1250,5
Kakao,52,13,23,5,7,540,계좌이체,Male,20,iOS,1400,8
Kakao,54,8,7,1,3,1,간편결제,Male,20,Android,650,6
Youtube,57,15,35,5,16,,간편결제,Male,20,Android,250,8
Instagram,61,8,15,1,6,165,간편결제,Female,20,iOS,1100,6
Banner,75,20,13,5,1,316,간편결제,Female,20,iOS,1500,5
Kakao,75,6,25,3,12,139,간편결제,Male,20,iOS,1500,6
Youtube,76,13,23,3,11,163,간편결제,Female,20,iOS,1100,8
Kakao,1,10,0,0,0,0,,Female,21,Android,800,
Banner,2,4,0,0,0,0,,Male,21,iOS,1450,
Instagram,2,12,0,0,0,0,,,21,Android,950,
Youtube,2,5,0,0,0,0,,Male,21,Android,850,
Banner,4,15,0,0,0,0,,Male,21,iOS,1550,
Kakao,4,6,0,0,0,0,,Male,21,Android,1500,
Instagram,11,15,5,0,5,20,간편결제,Male,21,Android,900,2
Banner,13,15,8,0,6,30,계좌이체,Male,21,iOS,300,3
Banner,15,15,10,0,7,30,간편결제,Male,21,Android,350,1
Instagram,16,9,9,0,7,118,간편결제,Female,21,iOS,1400,1
Youtube,25,6,6,0,4,82,간편결제,Male,21,Android,1050,3
Instagram,25,5,9,0,7,44,계좌이체,Female,21,iOS,1050,1
Youtube,31,14,7,0,4,42,계좌이체,Female,21,Android,350,4
Youtube,34,15,10,1,6,125,간편결제,Male,21,Android,600,6
Kakao,34,11,6,0,4,2,계좌이체,Male,21,iOS,700,2
Instagram,37,9,13,1,6,119,간편결제,Female,21,Android,550,5
Kakao,41,16,25,3,12,100,간편결제,Male,21,Android,550,6
Kakao,42,25,14,2,5,328,계좌이체,Female,21,Android,1300,5
Kakao,43,8,6,2,2,324,간편결제,Female,21,Android,1450,4
Kakao,47,19,7,3,1,413,간편결제,Female,21,iOS,1750,6
Youtube,47,3,8,0,6,60,간편결제,Female,21,Android,500,3
Youtube,48,6,7,0,4,61,간편결제,Male,21,iOS,1050,4
Youtube,49,7,11,0,7,80,간편결제,Male,21,Android,550,4
Instagram,51,13,20,1,9,118,계좌이체,Male,21,Android,1000,5
Youtube,51,3,9,1,6,2,계좌이체,Male,21,Android,300,4
Instagram,52,15,16,2,5,352,계좌이체,Female,21,iOS,1850,2
Instagram,54,21,20,4,6,1245735,간편결제,Female,21,Android,1000,8
Youtube,56,16,13,1,5,122,계좌이체,Male,21,iOS,550,6
Facebook,57,19,14,5,2,579,계좌이체,Male,21,Android,1800,6
Kakao,67,18,25,2,13,87,간편결제,Male,21,iOS,1050,6
Instagram,68,17,8,3,3,105,계좌이체,Male,21,iOS,1350,7
Instagram,69,21,34,6,14,447,간편결제,Female,21,iOS,1850,7
Youtube,71,23,15,6,1,629,간편결제,Female,21,Android,1550,8
Instagram,74,7,18,4,5,115,계좌이체,Female,21,iOS,650,5
Banner,75,5,29,3,14,91,간편결제,Male,21,Android,1400,7
Kakao,77,19,27,4,12,201,간편결제,Female,21,Android,1200,7
Youtube,1,4,0,0,0,0,,Female,22,Android,900,
Facebook,2,12,0,0,0,0,,Male,22,iOS,1900,
Youtube,3,3,0,0,0,0,,Male,22,Android,1900,
Facebook,3,15,0,0,0,0,,Male,22,Android,850,
Banner,10,15,5,0,5,12,간편결제,Male,22,iOS,800,1
Instagram,30,18,13,0,7,221,간편결제,Female,22,Android,1700,1
Banner,32,12,14,1,6,267,계좌이체,Female,22,iOS,1300,6
Facebook,32,13,9,0,7,136,간편결제,Female,22,iOS,1300,5
Instagram,32,15,11,0,7,61,간편결제,Female,22,Android,1250,3
Kakao,34,9,11,1,6,83,계좌이체,Female,22,iOS,650,4
Kakao,34,17,20,0,10,73,계좌이체,Male,22,iOS,800,5
Youtube,35,18,7,1,3,132,간편결제,Male,22,Android,1900,5
Banner,41,13,20,2,8,,간편결제,Female,22,Android,600,6
Banner,42,24,6,1,3,309,신용카드,Female,22,iOS,1550,4
Kakao,43,15,24,4,10,110,계좌이체,Male,22,iOS,250,8
Facebook,43,10,12,1,6,115,간편결제,Male,22,iOS,750,5
Instagram,45,18,22,5,6,376,간편결제,Male,22,Android,1400,9
Facebook,46,10,9,0,7,95,간편결제,Female,22,iOS,550,3
Instagram,53,12,14,3,4,109,간편결제,Male,22,Android,950,5
Banner,57,18,8,3,3,412,간편결제,Male,22,iOS,1500,5
Banner,61,11,22,4,7,380,간편결제,Female,22,Android,1700,8
Youtube,79,27,11,5,1,604,신용카드,Male,22,Android,1750,8
Instagram,5,13,5,0,5,14,간편결제,Male,23,Android,800,1
Instagram,11,8,7,0,4,33,신용카드,Male,23,Android,1800,3
Instagram,15,8,10,0,7,25,계좌이체,Male,23,Android,600,3
Kakao,18,14,12,0,7,30,간편결제,Male,23,Android,550,3
Facebook,19,17,8,0,6,87,간편결제,Male,23,Android,1850,2
Youtube,20,7,11,0,7,50,간편결제,Male,23,iOS,800,4
Kakao,20,6,11,0,7,70,간편결제,Male,23,iOS,1500,3
Banner,21,10,9,0,7,24,간편결제,Female,23,Android,450,3
Kakao,23,14,6,0,4,40,간편결제,Male,23,iOS,300,5
Youtube,24,20,7,1,3,4589400,간편결제,Female,23,Android,900,2
Facebook,26,15,8,0,6,42,간편결제,Female,23,Android,800,2
Banner,32,11,5,0,5,1,간편결제,Female,23,Android,750,6
Banner,34,15,13,0,7,134,신용카드,Male,23,Android,1350,5
Instagram,36,7,7,0,4,73,간편결제,Male,23,iOS,,5
Instagram,36,15,15,0,7,75,계좌이체,Male,23,Android,550,3
Youtube,40,14,14,5,2,191,계좌이체,Male,23,Android,1000,8
Facebook,40,15,16,2,5,124,간편결제,Male,23,Android,900,6
Kakao,42,18,14,2,5,217,계좌이체,Male,23,iOS,1900,5
Kakao,45,15,8,0,6,65,간편결제,Male,23,Android,1000,3
Youtube,46,6,20,3,7,,간편결제,Male,23,Android,600,7
Kakao,47,5,19,1,9,,계좌이체,Male,23,Android,350,4
Instagram,48,12,18,2,7,153,간편결제,Male,23,iOS,1950,6
Banner,50,8,18,3,6,156,신용카드,Female,23,Android,950,8
Instagram,50,8,8,3,3,345,간편결제,Male,23,iOS,1950,5
Youtube,54,15,16,5,2,8965739,간편결제,Female,23,iOS,1950,5
Facebook,56,14,9,2,5,8,간편결제,Female,23,Android,1000,6
Kakao,56,10,18,1,8,101,간편결제,Male,23,iOS,1200,4
Kakao,59,11,15,3,4,88,간편결제,Male,23,Android,900,7
Kakao,68,8,42,5,20,116,계좌이체,Male,23,Android,650,9
Banner,69,11,30,4,14,115,간편결제,Male,23,iOS,700,8
Facebook,70,25,24,5,9,380,간편결제,Male,23,Android,1600,8
Kakao,74,4,27,4,12,,간편결제,Female,23,Android,850,6
Kakao,78,17,17,3,6,151,간편결제,Male,23,Android,1050,6
Instagram,80,9,17,3,6,,간편결제,Male,23,Android,700,7
Facebook,0,0,0,0,0,0,,Male,24,Android,1900,
Facebook,1,13,0,0,0,0,,Male,24,iOS,800,
Banner,1,10,0,0,0,0,,Male,24,Android,1100,
Youtube,2,7,0,0,0,0,,Male,24,Android,800,
Facebook,2,3,0,0,0,0,,Male,24,Android,950,
Facebook,2,7,0,0,0,0,,Male,24,Android,850,
Kakao,4,4,0,0,0,0,,Male,24,iOS,1800,
Youtube,11,6,10,0,7,12,간편결제,Male,24,Android,350,2
Kakao,13,11,6,0,4,16,간편결제,Male,24,Android,1450,2
Youtube,16,5,7,0,4,115,간편결제,Female,24,iOS,1600,3
Facebook,20,8,11,0,7,22,간편결제,Male,24,Android,700,3
Kakao,22,8,9,0,7,24,간편결제,Female,24,Android,600,1
Banner,23,10,4,0,4,100,간편결제,Female,24,iOS,550,5
Banner,24,8,4,0,4,34,신용카드,Male,24,Android,450,5
Youtube,25,10,11,0,7,131,간편결제,Female,24,iOS,1250,1
Kakao,25,14,6,0,4,166,간편결제,Male,24,iOS,1500,3
Banner,26,10,11,0,7,35,신용카드,Female,24,iOS,850,2
Kakao,27,13,5,0,5,37,간편결제,Male,24,Android,1050,3
Kakao,30,3,6,0,4,70,간편결제,Female,24,Android,700,4
Kakao,32,18,12,0,7,127,간편결제,Male,24,iOS,1450,5
Kakao,34,13,12,0,7,143,간편결제,Female,24,Android,1500,6
Youtube,38,17,6,3,1,439,간편결제,Male,24,Android,1850,4
Instagram,38,14,6,0,4,106,신용카드,Female,24,Android,1200,6
Youtube,42,14,11,0,7,157,신용카드,Female,24,Android,1800,5
Facebook,44,11,19,1,9,178,계좌이체,Female,24,iOS,1850,4
Kakao,51,3,12,1,6,64,간편결제,Male,24,Android,1100,5
Youtube,52,10,24,5,9,547,신용카드,Male,24,Android,1350,9
Instagram,53,19,20,1,9,201,간편결제,Male,24,iOS,1450,2
Instagram,55,23,10,3,4,437,신용카드,Female,24,Android,1550,5
Kakao,58,7,16,2,5,192,간편결제,Male,24,Android,1050,6
Facebook,59,14,30,6,12,356,간편결제,Female,24,iOS,1550,9
Instagram,59,8,30,5,13,209,계좌이체,Female,24,iOS,700,7
Banner,59,14,23,3,9,5,간편결제,Male,24,Android,500,6
Youtube,62,6,9,3,4,204,신용카드,Male,24,iOS,1950,8
Youtube,62,8,19,2,8,169,간편결제,Male,24,Android,1200,7
Youtube,67,9,12,2,5,120,간편결제,Female,24,Android,800,7
Kakao,72,9,23,2,12,78,간편결제,Male,24,iOS,1300,6
Facebook,77,16,29,4,13,138,신용카드,Female,24,iOS,650,8
Youtube,77,11,18,3,6,165,간편결제,Male,24,iOS,850,6
Youtube,78,33,45,7,20,725,간편결제,Male,24,Android,1850,8
Instagram,86,19,21,6,5,393,간편결제,Female,24,iOS,1650,8
Youtube,3,8,0,0,0,0,,Female,25,Android,1800,
Kakao,3,10,0,0,0,0,,Male,25,Android,1850,
Facebook,5,7,4,0,4,19,계좌이체,Female,25,iOS,1050,2
Facebook,10,12,4,0,4,51,간편결제,Female,25,iOS,2600,2
Kakao,14,8,9,0,7,64,간편결제,Female,25,iOS,1600,3
Kakao,15,18,6,0,4,198,간편결제,Female,25,Android,2150,3
Youtube,19,15,6,0,4,78,간편결제,Male,25,Android,2800,3
Youtube,22,16,5,1,5,333,간편결제,Female,25,Android,2450,1
Facebook,24,6,4,0,4,35,간편결제,Male,25,Android,1000,1
Facebook,26,14,15,0,7,89,신용카드,Female,25,Android,1500,4
Kakao,28,16,8,1,6,337,간편결제,Female,25,Android,2650,1
Banner,29,10,9,0,7,220,간편결제,Female,25,iOS,1550,4
Instagram,30,13,10,1,6,324,간편결제,Female,25,Android,2550,3
Youtube,34,18,9,0,7,117,간편결제,Male,25,iOS,2500,3
Youtube,34,7,15,2,6,403,계좌이체,Female,25,Android,2850,3
Facebook,38,12,12,0,7,101,간편결제,Female,25,Android,1450,3
Banner,40,15,22,2,9,104,간편결제,Male,25,Android,1300,6
Banner,41,29,17,6,2,900,간편결제,Male,25,Android,2300,5
Kakao,44,15,17,2,6,374,간편결제,Female,25,Android,1650,5
Instagram,45,17,19,5,5,556,간편결제,Male,25,iOS,2900,6
Instagram,45,8,12,1,6,190,신용카드,Female,25,Android,2500,6
Kakao,46,27,13,5,2,443,간편결제,Female,25,iOS,2450,9
Facebook,47,17,15,3,4,475,간편결제,Female,25,iOS,2900,4
Instagram,51,15,7,2,2,274,간편결제,Female,25,iOS,1350,4
Youtube,54,11,9,4,3,501,신용카드,Male,25,iOS,1750,5
Youtube,57,15,14,3,4,431,신용카드,Female,25,iOS,2400,6
Kakao,57,11,18,1,8,134,간편결제,Male,25,Android,2450,4
Instagram,57,10,15,2,5,351,간편결제,Male,25,iOS,2950,6
Instagram,72,18,27,3,13,131,간편결제,Female,25,Android,1400,7
Kakao,74,22,30,6,12,622,간편결제,Female,25,iOS,2200,5
Youtube,84,10,12,4,3,464,신용카드,Male,25,Android,2650,6
Instagram,1,9,0,0,0,0,,Male,26,iOS,1200,
Kakao,2,3,0,0,0,0,,Male,26,Android,1300,
Youtube,7,5,4,0,4,11,신용카드,Male,26,Android,1100,1
Instagram,10,6,6,0,4,22,간편결제,Male,26,iOS,1450,3
Instagram,11,9,5,0,5,26,간편결제,Female,26,iOS,1700,2
Facebook,12,12,8,0,6,20,간편결제,Female,26,iOS,1000,1
Kakao,14,12,6,0,4,50,신용카드,Female,26,Android,1750,3
Kakao,19,8,12,0,7,117,간편결제,Female,26,Android,2850,3
Kakao,22,18,11,0,7,138,신용카드,Female,26,Android,2600,2
Banner,23,18,5,1,5,286,간편결제,Female,26,iOS,2400,3
Facebook,25,18,5,0,5,178,계좌이체,Female,,Android,2000,4
Kakao,25,10,5,0,5,121,신용카드,Female,26,iOS,2150,5
Facebook,31,13,12,0,7,133,간편결제,Female,26,iOS,2150,5
Facebook,32,22,16,3,5,559,간편결제,Female,26,Android,2050,5
Banner,33,18,13,2,6,434,신용카드,Female,26,iOS,2950,4
Banner,34,11,19,2,8,209,간편결제,Female,26,iOS,2350,6
Youtube,34,8,11,0,7,219,간편결제,Female,26,iOS,2000,2
Kakao,34,12,6,1,3,301,간편결제,Male,26,iOS,2500,4
Facebook,36,23,15,2,6,391,간편결제,Male,26,iOS,2400,4
Facebook,37,19,10,6,1,572,간편결제,Female,26,Android,2850,9
Youtube,41,12,11,0,7,228,간편결제,Female,26,Android,2500,4
Kakao,48,14,5,0,4,80,간편결제,Female,26,Android,1150,4
Banner,50,17,8,3,3,150,간편결제,Male,26,Android,1050,8
Instagram,50,6,20,3,7,223,간편결제,Male,26,Android,1000,5
Youtube,50,12,10,1,6,98,간편결제,Male,26,Android,1450,6
Youtube,51,26,8,3,4,550,간편결제,Female,26,Android,2450,5
Kakao,52,24,19,1,9,302,간편결제,Female,26,iOS,1700,5
Instagram,54,8,9,2,5,356,간편결제,Female,26,Android,2050,6
Facebook,54,15,17,1,8,178,계좌이체,Female,26,Android,2400,2
Banner,59,13,14,2,5,220,간편결제,Male,26,iOS,1650,6
Banner,60,16,24,2,12,149,간편결제,Male,26,Android,2350,6
Instagram,61,27,15,5,3,656,신용카드,Female,26,iOS,2400,8
Youtube,62,25,27,5,11,337,간편결제,Male,26,iOS,1400,8
Youtube,62,11,23,4,10,449,간편결제,Male,26,Android,1850,5
Banner,68,11,18,5,4,645,간편결제,Female,26,iOS,2650,6
Youtube,75,20,11,5,1,589,신용카드,Male,26,Android,1600,8
Youtube,77,21,25,6,9,799,간편결제,Female,26,iOS,2050,9
Facebook,0,0,0,0,0,0,,Male,27,iOS,1600,
Banner,0,0,0,0,0,0,,Male,27,iOS,1400,
Youtube,2,7,0,0,0,0,,Female,27,Android,1650,
Facebook,2,14,0,0,0,0,,Female,27,Android,2100,
Kakao,3,8,0,0,0,0,,Male,27,Android,2500,
Kakao,3,10,0,0,0,0,,Male,27,Android,1200,
Kakao,9,15,4,0,4,52,간편결제,Male,27,Android,1450,1
Kakao,11,15,4,0,4,168,신용카드,Female,27,Android,3050,1
Youtube,12,16,8,0,6,128,신용카드,Male,27,Android,3450,3
Kakao,13,14,8,0,6,11,간편결제,Male,27,Android,1300,1
Banner,15,5,4,0,4,138,신용카드,Female,27,Android,2900,3
Kakao,15,16,6,0,4,148,간편결제,Female,27,iOS,1650,2
Facebook,18,14,11,0,7,126,신용카드,Male,27,iOS,2050,3
Banner,20,29,7,0,4,435,간편결제,Female,27,iOS,3150,5
Kakao,20,10,11,0,7,156,간편결제,Male,27,iOS,2000,4
Banner,21,11,12,0,7,77,간편결제,Female,27,Android,1250,2
Kakao,26,11,8,2,4,595,신용카드,Female,27,iOS,3000,4
Banner,30,15,9,0,7,94,간편결제,Male,27,Android,1250,2
Facebook,32,25,10,3,5,522,계좌이체,Female,27,Android,2450,4
Kakao,32,17,13,2,6,390,신용카드,Female,27,iOS,2900,3
Facebook,35,7,13,0,7,142,신용카드,Female,27,Android,3100,2
Youtube,37,16,23,6,6,591,신용카드,Female,27,Android,1650,5
Youtube,39,10,17,0,8,140,간편결제,Female,27,iOS,1900,3
Instagram,39,13,6,2,2,703,신용카드,Female,27,iOS,3900,4
Instagram,40,17,21,5,6,938,간편결제,Female,27,iOS,3000,5
Youtube,43,23,21,4,7,493,계좌이체,Female,27,Android,1750,7
Banner,45,12,28,7,10,831,간편결제,Female,27,iOS,2900,9
Kakao,46,17,20,2,8,585,간편결제,,27,iOS,3600,4
Instagram,48,12,11,6,1,498,간편결제,Female,27,iOS,2450,9
Youtube,48,5,21,2,9,78,간편결제,Male,27,iOS,1300,7
Instagram,50,10,17,4,4,544,간편결제,Female,27,Android,2800,5
Kakao,51,14,12,5,2,510,간편결제,Male,27,iOS,1900,5
Instagram,52,24,15,4,4,569,신용카드,Female,27,iOS,3200,5
Youtube,53,19,18,3,6,169,계좌이체,Male,27,Android,1400,7
Banner,58,13,8,4,2,996,간편결제,Female,27,iOS,3400,8
Banner,60,5,9,1,6,66,신용카드,Female,27,Android,1300,4
Instagram,67,15,8,3,3,269,간편결제,Male,27,Android,1900,6
Youtube,78,15,14,4,3,303,간편결제,Female,27,iOS,,8
Youtube,79,16,12,6,1,861,간편결제,Female,27,iOS,3650,8
Instagram,80,32,14,6,1,1221,간편결제,Female,27,Android,3150,6
Facebook,86,13,10,4,3,172,간편결제,Female,27,iOS,1200,8
Instagram,1,6,0,0,0,0,,Male,28,iOS,1600,
Youtube,2,6,0,0,0,0,,Male,28,iOS,1200,
Youtube,9,3,6,0,4,43,신용카드,Male,28,Android,2750,2
Banner,10,12,7,0,4,20,신용카드,Female,28,iOS,1250,1
Kakao,14,10,6,0,4,58,간편결제,Male,28,iOS,1500,3
Kakao,16,11,9,0,7,278,간편결제,Female,28,Android,3800,4
Banner,21,12,11,0,7,425,간편결제,Male,28,Android,3850,3
Banner,21,6,6,0,4,215,신용카드,Male,28,iOS,3300,1
Kakao,21,24,10,0,7,354,간편결제,Female,28,iOS,3100,1
Banner,21,10,9,0,7,73,신용카드,Female,28,iOS,3000,2
Banner,23,9,8,0,6,203,신용카드,Male,28,iOS,2300,4
Kakao,25,5,15,0,7,118,신용카드,,28,iOS,2500,4
Instagram,26,16,8,1,6,331,간편결제,Male,28,Android,2300,5
Instagram,33,8,20,1,9,289,신용카드,Male,28,Android,2750,2
Kakao,34,15,6,2,2,210,간편결제,Male,28,Android,1350,6
Youtube,34,13,8,0,6,200,간편결제,Male,28,Android,1500,3
Youtube,37,24,7,2,2,359,신용카드,Female,28,Android,2450,2
Banner,37,15,9,2,5,410,간편결제,Male,28,Android,2400,3
Banner,41,24,7,4,0,840,간편결제,Male,28,Android,3150,4
Kakao,41,8,11,2,5,278,간편결제,Female,28,iOS,1300,5
Instagram,44,21,22,7,5,837,간편결제,Female,28,Android,2100,5
Facebook,44,8,16,3,4,240,간편결제,Female,28,iOS,1350,6
Instagram,44,7,18,3,6,407,간편결제,Male,28,iOS,2500,4
Kakao,45,27,18,5,4,505,신용카드,Female,28,iOS,1900,5
Instagram,46,12,23,4,8,380,신용카드,Male,28,Android,1400,8
Facebook,47,34,7,5,0,982,신용카드,Male,28,Android,3400,7
Facebook,48,20,21,2,9,207,간편결제,Male,28,Android,2750,6
Banner,49,17,13,3,4,205,간편결제,Male,28,iOS,1600,8
Youtube,58,16,11,5,1,615,신용카드,Female,28,Android,3350,8
Facebook,61,20,10,2,5,314,간편결제,Female,28,iOS,1700,5
Instagram,63,19,25,5,10,542,간편결제,Male,28,iOS,3200,5
Banner,63,22,18,3,6,431,신용카드,Female,28,Android,3100,7
Facebook,65,14,9,5,2,564,신용카드,Male,28,Android,3700,8
Kakao,71,9,11,5,1,379,신용카드,Male,28,Android,2400,9
Kakao,76,34,17,6,3,790,간편결제,Female,28,Android,3700,5
Instagram,79,14,18,3,6,219,신용카드,Male,28,Android,2400,6
Banner,85,23,14,7,0,1007,간편결제,Male,28,iOS,2700,7
Banner,0,0,0,0,0,0,,Male,29,Android,1850,
Facebook,0,0,0,0,0,0,,Male,29,Android,2000,
Kakao,0,0,0,0,0,0,,Male,29,iOS,2000,
Facebook,2,8,0,0,0,0,,Male,29,iOS,1550,
Youtube,4,4,0,0,0,0,,Male,29,iOS,1600,
Banner,4,3,0,0,0,0,,Female,29,iOS,1500,
Youtube,6,10,4,0,4,95,계좌이체,Female,29,Android,2850,1
Facebook,10,7,4,0,4,54,신용카드,Male,29,iOS,3150,3
Instagram,15,4,7,0,4,48,간편결제,Female,29,Android,1750,1
Facebook,22,14,10,1,6,458,간편결제,Female,29,Android,,4
Instagram,23,11,8,1,6,316,간편결제,Male,29,Android,2650,3
Facebook,24,25,4,1,4,332,간편결제,Female,,Android,3400,5
Facebook,27,4,13,0,7,69,신용카드,Male,29,Android,2450,3
Facebook,28,11,11,1,7,287,간편결제,Male,29,Android,2600,2
Youtube,31,14,10,1,6,178,간편결제,Female,29,iOS,3200,3
Instagram,33,27,8,3,3,767,계좌이체,Female,29,Android,3800,4
Instagram,34,9,14,2,5,403,신용카드,Female,29,iOS,2750,5
Instagram,37,7,15,1,6,172,간편결제,Male,29,iOS,2900,3
Facebook,37,16,7,2,3,457,간편결제,Male,29,iOS,2200,3
Facebook,38,19,19,2,8,299,간편결제,Female,29,iOS,2550,6
Kakao,42,15,16,4,3,409,간편결제,Male,29,Android,1950,6
Youtube,42,25,18,4,5,501,간편결제,Male,29,iOS,1500,4
Kakao,42,18,12,3,4,541,간편결제,Female,29,iOS,2100,6
Youtube,44,17,14,1,6,265,계좌이체,Female,29,Android,2550,2
Youtube,46,25,8,3,3,527,신용카드,Female,29,Android,3700,5
Facebook,46,27,11,2,5,686,신용카드,Female,29,Android,3750,5
Facebook,51,18,5,2,2,328,신용카드,Female,29,iOS,2100,6
Instagram,55,15,11,2,5,358,간편결제,Female,29,iOS,2650,4
Kakao,56,26,20,4,6,425,신용카드,Female,29,Android,3000,8
Kakao,61,16,15,6,1,581,간편결제,Female,29,Android,2050,5
Facebook,63,6,13,3,3,260,간편결제,Male,29,Android,2300,7
Youtube,70,13,13,6,1,768,신용카드,Female,29,iOS,3500,7
Kakao,79,14,43,6,20,392,신용카드,Female,29,iOS,1500,9
Instagram,3,3,0,0,0,0,,Male,30,Android,2450,
Youtube,6,17,6,0,4,109,간편결제,Male,30,Android,2350,2
Banner,6,6,5,0,5,156,신용카드,Male,30,Android,5250,1
Facebook,13,13,9,0,7,176,간편결제,Female,30,iOS,3400,1
Kakao,14,7,8,0,6,55,간편결제,Male,30,Android,2950,1
Kakao,15,20,8,0,6,193,간편결제,Male,30,Android,3800,2
Youtube,16,12,4,0,4,165,계좌이체,Female,30,Android,2000,2
Youtube,17,15,6,0,4,152,신용카드,Male,30,iOS,3550,3
Instagram,18,10,7,0,4,227,계좌이체,Female,30,Android,2600,4
Instagram,20,11,10,0,7,168,간편결제,Male,30,Android,2700,2
Kakao,21,5,5,0,5,258,간편결제,Female,30,Android,2550,2
Kakao,22,12,11,0,7,189,간편결제,Female,30,iOS,2100,1
Instagram,24,13,7,0,4,216,신용카드,Female,30,iOS,3600,4
Instagram,29,25,5,2,3,619,신용카드,Female,30,Android,5600,5
Kakao,29,19,5,1,5,272,신용카드,Male,30,iOS,2550,2
Youtube,30,21,15,2,6,407,간편결제,Female,30,iOS,4050,4
Youtube,31,7,19,1,9,209,신용카드,Female,30,Android,2950,6
Instagram,31,23,7,2,2,344,신용카드,Female,30,Android,3500,2
Kakao,32,14,7,2,2,590,간편결제,Female,30,Android,3350,4
Instagram,33,17,5,2,2,599,신용카드,Female,30,Android,3800,2
Facebook,33,12,6,0,4,187,간편결제,Male,30,iOS,2500,4
Youtube,35,21,14,1,6,325,계좌이체,Female,30,iOS,3850,5
Instagram,38,39,16,7,0,1144,간편결제,Female,30,iOS,4300,7
Facebook,38,21,15,3,5,549,간편결제,Male,30,iOS,2450,4
Youtube,40,12,11,4,3,626,간편결제,Female,30,iOS,2650,6
Youtube,40,22,13,2,5,641,신용카드,Female,30,iOS,3300,6
Youtube,41,5,5,1,3,161,간편결제,Female,30,Android,2600,6
Youtube,42,18,17,3,5,301,계좌이체,Female,30,Android,1600,5
Instagram,44,25,22,7,5,991,신용카드,Female,30,Android,2450,5
Facebook,44,29,17,4,4,975,신용카드,Female,30,iOS,5300,7
Instagram,45,18,21,3,8,4568177,간편결제,Female,30,iOS,1600,9
Instagram,47,35,21,6,5,1180,신용카드,Female,30,Android,3700,6
Instagram,47,14,9,4,3,886,신용카드,Female,30,Android,4200,6
Kakao,49,27,17,5,3,683,신용카드,Female,30,iOS,4150,5
Youtube,52,24,7,3,1,401,간편결제,Female,30,iOS,1950,7
Instagram,53,10,6,3,1,458,신용카드,Male,30,iOS,3750,6
Instagram,54,12,25,6,10,768,간편결제,Female,30,Android,4250,6
Banner,59,21,28,7,10,788,신용카드,Female,30,iOS,4400,8
Kakao,61,10,7,4,2,257,계좌이체,Male,30,Android,2900,6
Youtube,64,16,22,4,7,966,신용카드,Female,30,Android,4650,7
Kakao,70,35,24,6,8,1181,간편결제,Female,30,Android,3800,9
Kakao,72,24,17,7,2,1002,신용카드,Male,30,iOS,2800,5
Instagram,74,27,15,4,3,962,간편결제,Male,30,Android,4150,4
Kakao,87,15,20,4,6,213,간편결제,Female,30,iOS,1500,5
Kakao,3,9,0,0,0,0,,Male,31,Android,2100,
Banner,10,9,5,0,5,148,신용카드,Male,31,Android,4500,1
Youtube,11,15,6,0,4,129,신용카드,Male,31,iOS,4600,1
Facebook,18,18,11,1,7,292,간편결제,Male,31,iOS,3300,3
Youtube,18,15,11,0,7,173,간편결제,Male,31,iOS,3550,2
Kakao,20,21,4,0,4,365,신용카드,Male,31,Android,4900,2
Instagram,26,28,12,1,6,441,신용카드,Male,31,iOS,3200,4
Instagram,28,12,5,1,5,302,간편결제,Female,31,iOS,4300,2
Kakao,29,6,7,1,4,279,신용카드,Female,31,Android,4400,3
Youtube,31,6,9,0,7,139,계좌이체,Female,31,iOS,2350,2
Facebook,33,13,11,2,6,412,신용카드,Male,31,Android,3800,2
Kakao,34,9,7,1,3,170,간편결제,Female,31,Android,2250,5
Kakao,35,6,17,1,7,130,간편결제,Female,31,Android,2500,4
Instagram,37,9,5,0,4,202,간편결제,Female,31,iOS,2650,5
Kakao,38,14,10,3,4,697,신용카드,Male,31,Android,4450,4
Instagram,38,15,9,1,6,317,계좌이체,Female,31,Android,3500,5
Youtube,40,17,12,2,5,593,간편결제,Female,31,iOS,3100,2
Facebook,41,24,24,5,9,674,신용카드,Female,31,iOS,4300,7
Banner,43,13,8,2,4,614,신용카드,Male,31,iOS,4950,3
Youtube,44,14,14,1,6,360,신용카드,Male,31,Android,3400,2
Kakao,46,34,14,6,1,744,간편결제,Female,31,iOS,3300,5
Instagram,47,22,15,5,2,1092,신용카드,Female,31,Android,5650,6
Facebook,48,30,16,4,3,459,계좌이체,Female,31,Android,2450,5
Kakao,49,14,21,6,5,2457945,간편결제,Female,31,iOS,2300,8
Instagram,52,29,12,4,3,1004,신용카드,Male,31,iOS,4700,4
Instagram,53,16,13,6,0,1263,간편결제,Male,31,iOS,4250,6
Facebook,55,19,22,4,7,614,신용카드,Female,31,iOS,3600,6
Banner,64,17,13,4,2,531,계좌이체,Female,31,iOS,2200,4
Youtube,66,28,18,5,5,745,간편결제,Female,31,iOS,3700,6
Youtube,69,21,21,5,6,562,신용카드,Male,31,iOS,2000,8
Youtube,72,39,20,5,5,1150,신용카드,Female,31,iOS,5750,8
Facebook,75,29,17,5,4,553,간편결제,Male,31,Android,2300,5
Instagram,78,23,17,6,3,873,간편결제,Female,31,iOS,2200,8
Instagram,84,19,27,3,13,222,간편결제,Male,31,Android,2250,8
Facebook,1,14,0,0,0,0,,Female,32,iOS,2400,
Facebook,2,10,0,0,0,0,,Male,32,Android,2500,
Facebook,4,14,0,0,0,0,,Male,32,iOS,2250,
Kakao,13,14,9,0,7,93,간편결제,Female,32,Android,3550,2
Instagram,14,8,4,0,4,167,계좌이체,Female,32,Android,2150,1
Youtube,18,12,6,0,4,121,간편결제,Female,32,iOS,2750,5
Instagram,18,18,8,0,6,104,간편결제,Male,32,Android,1950,2
Banner,20,17,7,1,3,454,간편결제,Female,32,Android,4350,5
Instagram,20,18,5,0,5,291,신용카드,Male,32,Android,3750,3
Instagram,22,24,12,1,6,296,신용카드,Female,32,Android,3750,1
Instagram,22,16,12,0,7,232,신용카드,Female,32,iOS,4100,3
Kakao,22,11,4,0,4,410,간편결제,Male,32,Android,4200,2
Facebook,25,20,8,0,6,201,간편결제,Male,32,Android,2300,2
Instagram,25,26,8,1,5,468,신용카드,Male,32,iOS,4000,4
Kakao,29,7,5,1,5,304,간편결제,Male,32,Android,2500,3
Instagram,30,7,15,1,6,262,계좌이체,Female,32,iOS,2650,3
Banner,30,6,9,1,6,260,계좌이체,Male,32,iOS,2950,5
Instagram,33,15,9,3,4,770,신용카드,Female,32,iOS,5450,5
Youtube,34,20,5,0,4,433,간편결제,Female,32,iOS,3150,4
Youtube,35,28,5,3,1,857,신용카드,Female,32,Android,4000,5
Instagram,38,12,20,5,5,665,간편결제,Female,32,iOS,2300,5
Youtube,39,21,5,3,1,467,간편결제,Female,32,iOS,2500,4
Kakao,43,23,25,6,9,606,신용카드,Female,32,Android,3250,9
Youtube,49,30,18,4,5,469,간편결제,Female,32,Android,1850,5
Kakao,50,22,7,3,1,386,신용카드,Female,32,Android,2300,4
Facebook,54,24,16,5,2,573,간편결제,Male,32,Android,1850,6
Instagram,55,17,14,6,1,1187,간편결제,Female,32,Android,3350,6
Facebook,56,13,11,3,3,431,계좌이체,Female,32,iOS,1850,6
Instagram,57,17,8,5,1,615,간편결제,Female,32,iOS,3100,5
Instagram,63,23,14,3,4,356,간편결제,Female,32,iOS,2250,6
Instagram,69,19,13,4,2,1006,간편결제,Female,32,Android,3900,6
Instagram,70,25,28,7,10,794,간편결제,Female,32,iOS,2150,7
Kakao,70,10,12,5,2,396,신용카드,Female,32,Android,2250,7
Banner,70,22,16,5,2,354,계좌이체,Female,32,iOS,1950,5
Kakao,71,31,20,5,6,708,간편결제,Female,32,iOS,4200,6
Instagram,78,15,15,6,1,1188,간편결제,Female,32,iOS,3800,6
Instagram,78,30,24,6,8,1346,신용카드,Male,32,Android,5100,6
Instagram,82,16,16,6,1,1224,간편결제,Male,32,Android,5000,5
Instagram,94,34,12,6,1,1046,신용카드,Female,32,iOS,4800,7
Youtube,0,0,0,0,0,0,,Male,33,iOS,2450,
Instagram,1,15,0,0,0,0,,Male,33,iOS,2050,
Facebook,2,12,0,0,0,0,,,33,Android,2400,
Banner,2,3,0,0,0,0,,Male,33,Android,1850,
Facebook,7,9,7,0,4,185,간편결제,Male,33,Android,5950,2
Youtube,11,13,6,0,4,116,간편결제,Male,33,Android,4100,2
Banner,17,8,12,0,7,249,신용카드,Male,33,Android,5000,4
Kakao,19,16,8,0,6,222,신용카드,Female,33,Android,4250,4
Kakao,21,13,10,0,7,65,간편결제,Female,33,iOS,2450,4
Youtube,23,5,5,0,5,123,계좌이체,Female,33,Android,1900,2
Kakao,23,13,11,0,7,85,계좌이체,Female,33,Android,2500,4
Youtube,24,9,10,0,7,157,간편결제,Male,33,iOS,2000,1
Kakao,24,15,9,0,7,254,간편결제,Male,33,Android,2550,4
Facebook,33,23,9,3,4,784,신용카드,Female,33,Android,4250,5
Youtube,33,30,5,2,2,685,간편결제,Male,,Android,3900,4
Kakao,33,17,9,1,6,463,신용카드,Female,33,Android,3350,3
Kakao,35,9,19,1,9,242,신용카드,Female,33,iOS,2850,6
Kakao,36,21,16,6,1,1279,계좌이체,Male,33,iOS,3450,7
Kakao,39,30,19,8,2,1535,간편결제,Female,33,iOS,3400,7
Kakao,39,18,12,3,4,713,간편결제,Female,33,iOS,3650,6
Instagram,39,21,14,2,5,589,간편결제,Female,33,iOS,3100,4
Kakao,40,22,17,6,2,873,간편결제,Male,33,iOS,2500,5
Instagram,42,15,9,1,6,324,계좌이체,Female,33,iOS,2750,5
Youtube,46,13,15,6,1,669,간편결제,Female,33,iOS,2750,5
Instagram,48,39,24,7,7,1549,간편결제,Female,33,Android,5300,6
Facebook,53,14,24,4,10,291,계좌이체,Female,33,Android,2250,6
Facebook,55,33,19,3,7,837,간편결제,Female,33,Android,3900,4
Instagram,59,19,36,8,14,1031,신용카드,Male,33,iOS,4350,9
Banner,59,15,11,6,0,1351,신용카드,Female,33,iOS,5300,6
Youtube,70,31,29,7,10,876,신용카드,Female,33,iOS,2450,7
Instagram,73,16,12,7,0,981,신용카드,Female,33,iOS,4450,6
Kakao,78,40,25,6,9,1282,신용카드,Female,33,iOS,5750,5
Kakao,85,20,16,6,1,1139,신용카드,Female,33,iOS,3650,5
Instagram,86,25,31,6,13,495,간편결제,Male,33,Android,3250,7
Instagram,87,21,25,6,9,359,간편결제,Male,33,Android,1800,8
Youtube,90,35,37,7,15,786,간편결제,Female,33,iOS,2650,9
Youtube,96,14,30,5,13,232,간편결제,Female,33,iOS,2350,7
Youtube,97,24,38,8,15,1540,신용카드,Male,33,iOS,3950,7
Banner,14,14,6,1,3,376,간편결제,Female,34,Android,5650,2
Facebook,14,13,8,0,6,79,신용카드,Female,34,Android,2700,1
Banner,14,17,9,0,7,71,간편결제,Male,34,Android,2800,3
Youtube,15,20,10,0,7,261,계좌이체,Female,34,Android,3850,3
Youtube,15,10,9,0,7,250,간편결제,Female,34,iOS,4650,3
Facebook,17,13,6,0,4,208,간편결제,Male,34,iOS,2150,4
Instagram,18,24,7,0,4,370,계좌이체,Female,34,iOS,4500,1
Banner,18,18,4,0,4,230,계좌이체,Female,34,Android,4000,1
Banner,19,13,8,0,6,117,신용카드,Female,34,Android,2850,2
Kakao,25,8,6,0,4,407,신용카드,Female,34,Android,4850,5
Instagram,26,21,13,1,7,338,신용카드,Female,34,iOS,4200,2
Facebook,26,8,13,0,7,98,간편결제,Female,34,Android,2750,4
Youtube,31,20,6,1,3,345,신용카드,Female,34,iOS,4200,4
Banner,32,9,5,1,4,271,신용카드,Female,34,Android,2800,3
Banner,33,22,6,2,2,397,간편결제,Female,34,Android,4000,5
Banner,33,16,13,2,6,457,간편결제,Female,34,iOS,3300,3
Kakao,34,19,15,1,6,575,신용카드,Male,34,iOS,4750,3
Kakao,35,22,5,1,3,296,간편결제,Female,34,Android,,6
Youtube,35,10,11,2,5,599,간편결제,Male,34,Android,4250,5
Youtube,36,18,8,2,5,381,신용카드,Female,34,Android,2500,2
Kakao,37,18,14,0,7,229,신용카드,Male,34,Android,2450,5
Kakao,38,17,14,2,5,650,간편결제,Male,34,Android,5100,2
Kakao,39,29,22,9,2,1754,신용카드,Female,34,iOS,5500,7
Youtube,39,24,15,4,3,869,신용카드,Female,34,Android,4800,5
Facebook,39,21,9,2,5,429,간편결제,Female,34,iOS,3500,2
Kakao,40,17,11,4,3,492,간편결제,Male,34,iOS,2250,5
Instagram,40,15,15,4,3,918,신용카드,Female,34,iOS,3200,4
Kakao,41,5,16,1,6,282,계좌이체,Male,34,iOS,3150,4
Facebook,43,28,13,7,1,975,간편결제,Female,34,Android,2550,9
Kakao,43,16,22,5,7,670,간편결제,Female,34,Android,4300,4
Youtube,46,11,20,1,9,310,신용카드,Female,34,iOS,2200,3
Instagram,49,29,17,3,5,814,신용카드,Male,34,Android,3800,4
Facebook,50,27,19,4,6,917,간편결제,Female,34,iOS,3000,5
Kakao,51,14,11,3,4,412,간편결제,Female,34,Android,2550,5
Youtube,55,20,7,2,2,297,계좌이체,Male,34,Android,2100,6
Instagram,56,18,15,3,4,481,신용카드,Female,34,iOS,4300,6
Facebook,60,27,32,7,12,1355,신용카드,Male,34,iOS,3850,9
Kakao,62,37,27,7,9,1472,신용카드,Male,34,Android,5700,5
Kakao,63,15,7,6,0,1169,신용카드,Male,34,Android,3850,5
Instagram,74,12,8,4,2,524,간편결제,Female,34,iOS,3650,5
Youtube,87,37,45,8,19,1674,신용카드,Female,34,iOS,5200,7
Youtube,99,40,34,7,13,1430,신용카드,Male,34,Android,3450,8
Banner,10,7,6,0,4,37,간편결제,Male,35,iOS,2700,3
Kakao,11,6,7,0,4,116,간편결제,Male,35,Android,3800,3
Banner,11,18,6,0,4,135,신용카드,Female,35,Android,3850,3
Banner,13,8,8,0,6,92,신용카드,Male,35,Android,2650,3
Facebook,14,5,5,0,5,224,간편결제,Male,35,Android,4150,1
Youtube,15,15,10,0,7,249,간편결제,Female,35,Android,3900,3
Kakao,18,15,12,1,6,392,간편결제,Male,35,iOS,6250,1
Youtube,21,24,4,0,4,343,간편결제,Male,35,iOS,2450,5
Instagram,21,16,8,1,6,331,신용카드,Female,35,Android,3900,1
Kakao,22,11,4,0,4,199,신용카드,Male,35,Android,3350,2
Facebook,24,30,10,1,6,523,신용카드,Female,35,iOS,6100,2
Kakao,24,12,4,0,4,429,간편결제,Female,35,iOS,4850,5
Facebook,27,21,15,0,7,407,신용카드,Male,35,Android,4700,3
Instagram,28,25,10,1,6,504,신용카드,Female,35,Android,5500,4
Instagram,29,26,6,1,3,570,신용카드,Female,35,Android,4050,3
Instagram,32,23,5,4,1,968,간편결제,Female,35,iOS,7350,5
Kakao,32,24,7,2,3,362,신용카드,Male,35,iOS,3250,5
Instagram,32,13,8,2,4,623,간편결제,Female,35,iOS,3550,3
Facebook,36,33,16,7,0,1316,신용카드,Female,35,Android,4900,5
Youtube,37,23,5,2,2,339,간편결제,Female,35,iOS,2100,6
Instagram,38,20,14,0,7,174,간편결제,Male,35,iOS,2700,2
Youtube,41,35,15,4,3,1005,간편결제,Male,35,Android,3100,5
Youtube,42,12,5,3,1,516,신용카드,Male,35,Android,2250,5
Instagram,46,16,8,4,2,902,신용카드,Male,35,Android,4250,5
Instagram,46,34,15,3,4,858,신용카드,Female,35,Android,4250,5
Youtube,46,14,19,3,7,541,간편결제,Male,35,iOS,2400,4
Kakao,47,20,24,6,9,862,간편결제,Female,35,iOS,3350,8
Instagram,48,33,26,7,9,855,신용카드,Female,35,iOS,2300,9
Kakao,50,11,14,4,3,318,간편결제,Male,35,Android,2600,5
Kakao,51,22,14,3,4,406,간편결제,Female,35,iOS,3300,5
Instagram,52,21,20,3,7,854,신용카드,Female,35,iOS,4150,6
Banner,53,40,23,6,6,1284,신용카드,Female,35,iOS,6750,6
Banner,54,23,8,3,3,300,신용카드,Female,35,Android,2550,6
Kakao,54,24,13,4,2,891,간편결제,Male,35,iOS,4000,8
Instagram,57,19,22,6,5,1319,간편결제,Female,35,iOS,7250,8
Banner,60,21,12,7,0,864,간편결제,Female,35,iOS,2500,9
Facebook,60,32,15,5,2,1163,신용카드,Female,35,iOS,3000,5
Instagram,67,18,37,5,17,262,간편결제,Female,35,iOS,2100,7
Instagram,67,24,22,5,6,1033,간편결제,Female,35,iOS,4450,8
Kakao,70,15,23,8,6,1771,간편결제,Female,35,iOS,5900,6
Instagram,70,34,28,6,11,836,간편결제,Male,35,Android,3500,8
Instagram,71,32,28,8,9,1791,신용카드,Female,35,iOS,5500,8
Banner,71,28,15,5,2,607,간편결제,Female,35,Android,3150,6
Youtube,79,35,25,6,10,904,간편결제,Female,35,Android,4150,6
Instagram,82,19,10,5,2,349,간편결제,Female,35,Android,3200,9
Youtube,1,4,0,0,0,0,,Male,36,iOS,2250,
Youtube,2,4,0,0,0,0,,Male,36,Android,2300,
Instagram,3,10,0,0,0,0,,,36,iOS,2100,
Banner,4,11,0,0,0,0,,Male,36,Android,2500,
Instagram,5,15,5,0,5,88,간편결제,Male,36,Android,3350,3
Kakao,7,9,4,0,4,140,계좌이체,Female,36,iOS,3200,2
Banner,7,7,6,0,4,84,신용카드,Male,36,iOS,4200,2
Youtube,13,13,7,0,4,123,신용카드,Male,36,iOS,3050,3
Kakao,18,19,12,1,6,292,간편결제,Female,36,iOS,4500,5
Youtube,19,5,9,0,7,236,간편결제,Male,36,iOS,4000,2
Facebook,19,16,7,0,4,186,신용카드,Female,36,iOS,2350,3
Facebook,20,24,4,1,3,452,신용카드,Female,36,iOS,3200,4
Kakao,21,19,12,0,7,249,신용카드,Female,,iOS,3100,1
Kakao,22,18,9,1,6,447,신용카드,Female,36,Android,3300,5
Facebook,25,18,8,2,4,534,간편결제,Female,36,iOS,6100,3
Banner,26,8,14,0,7,256,신용카드,Female,36,iOS,4150,5
Kakao,28,29,5,0,5,435,신용카드,Male,36,Android,3450,2
Kakao,31,15,6,0,4,350,신용카드,Male,36,iOS,4000,2
Youtube,32,10,8,1,6,287,계좌이체,Male,36,iOS,2900,3
Banner,35,10,13,2,5,244,간편결제,Female,36,Android,2100,5
Instagram,36,29,15,3,4,718,간편결제,Female,36,Android,7000,4
Instagram,38,29,14,3,4,766,신용카드,Male,36,iOS,4550,6
Kakao,40,17,6,3,1,787,신용카드,Female,36,Android,6400,6
Kakao,43,6,19,2,8,245,신용카드,Female,36,Android,2000,4
Kakao,47,40,30,6,12,1162,신용카드,Male,36,iOS,3150,8
Youtube,47,9,19,2,8,319,간편결제,Male,36,Android,2550,3
Youtube,48,34,13,6,1,1397,간편결제,Male,36,iOS,5150,7
Youtube,48,21,20,4,6,576,신용카드,Female,36,Android,3550,6
Instagram,48,15,22,4,7,484,신용카드,Female,36,Android,3050,6
Instagram,48,13,13,2,5,296,계좌이체,Male,36,iOS,2700,6
Kakao,50,8,9,2,5,197,신용카드,Male,36,iOS,2750,5
Facebook,52,38,14,6,1,1290,신용카드,Female,36,Android,5200,4
Kakao,52,13,20,2,8,339,간편결제,Female,36,iOS,2200,6
Youtube,53,27,17,6,3,834,간편결제,Female,36,Android,3500,8
Instagram,55,17,17,5,4,561,신용카드,Female,36,iOS,3450,8
Kakao,55,18,13,7,0,1342,신용카드,Female,36,iOS,4450,8
Instagram,56,32,17,6,3,797,간편결제,Male,36,iOS,2350,9
Kakao,58,19,9,6,1,1199,계좌이체,Female,36,Android,4100,7
Youtube,58,12,25,3,12,310,간편결제,Female,36,iOS,2300,5
Banner,58,16,21,5,6,743,간편결제,Female,36,iOS,4100,8
Kakao,58,24,7,2,4,328,신용카드,Male,36,Android,2200,5
Kakao,66,11,13,3,3,253,간편결제,Female,36,iOS,2350,5
Facebook,66,29,24,5,9,1094,간편결제,Female,36,Android,6900,4
Instagram,70,34,28,6,11,793,신용카드,Male,36,iOS,3700,9
Instagram,71,20,23,6,8,1356,계좌이체,Female,36,iOS,5100,6
Youtube,72,13,16,4,3,289,간편결제,Female,36,Android,2800,7
Kakao,73,27,17,7,2,821,간편결제,Male,36,iOS,4350,5
Instagram,86,15,19,7,3,1438,신용카드,Male,36,iOS,5550,6
Banner,86,19,20,5,5,315,신용카드,Female,36,iOS,2500,8
Banner,2,11,0,0,0,0,,Female,37,iOS,2450,
Banner,3,8,0,0,0,0,,Male,37,Android,2400,
Banner,8,12,4,0,4,83,간편결제,Female,37,Android,3500,2
Facebook,10,13,6,0,4,55,신용카드,Male,37,iOS,3000,2
Kakao,11,5,5,0,5,120,신용카드,Female,37,iOS,3550,3
Banner,15,5,10,0,7,88,간편결제,Male,37,Android,2100,1
Banner,18,12,11,0,7,208,신용카드,Female,37,Android,3700,1
Banner,20,19,12,0,7,175,계좌이체,Female,37,Android,2350,3
Instagram,20,28,5,2,3,532,신용카드,Male,37,Android,6650,2
Kakao,22,16,8,0,6,266,간편결제,Female,37,iOS,2350,3
Facebook,22,12,7,0,4,109,신용카드,Male,37,iOS,3150,5
Youtube,23,8,11,1,7,325,간편결제,Male,37,iOS,3550,5
Youtube,25,18,7,0,4,169,간편결제,Female,37,Android,2000,1
Youtube,25,25,8,0,6,352,신용카드,Female,37,Android,5000,3
Youtube,28,17,11,0,7,180,신용카드,Female,37,Android,3050,4
Youtube,28,10,8,0,6,178,간편결제,Female,37,Android,3150,2
Youtube,32,20,12,2,5,392,신용카드,Male,37,iOS,3000,4
Youtube,32,24,12,2,5,365,간편결제,Female,37,Android,3350,5
Kakao,36,19,10,2,5,703,계좌이체,Female,37,iOS,3250,4
Youtube,36,24,10,2,5,624,계좌이체,Male,37,iOS,5800,2
Instagram,39,28,19,8,2,1099,신용카드,Female,37,iOS,4500,7
Kakao,40,18,9,2,5,590,계좌이체,Female,37,iOS,4100,3
Kakao,41,17,11,4,3,859,신용카드,Male,37,Android,3100,7
Instagram,42,18,8,1,5,246,간편결제,Female,37,iOS,2950,3
Youtube,44,30,23,5,7,661,간편결제,Male,37,Android,2150,4
Youtube,45,40,5,5,0,1196,신용카드,Male,37,Android,7350,7
Instagram,46,26,8,3,3,823,간편결제,Female,37,Android,4350,4
Kakao,47,20,19,4,6,957,간편결제,Female,37,iOS,6750,4
Instagram,48,16,18,5,4,1115,신용카드,Female,37,iOS,7100,5
Facebook,49,32,20,8,3,938,간편결제,Female,37,iOS,2000,9
Instagram,49,8,10,4,3,284,간편결제,Female,37,Android,2500,8
Instagram,49,21,19,5,5,994,신용카드,Female,37,iOS,4650,6
Instagram,51,17,10,1,6,207,신용카드,Male,37,Android,3150,3
Youtube,54,23,12,5,2,556,신용카드,Male,37,iOS,2800,6
Kakao,54,19,15,3,4,791,간편결제,Female,37,Android,5000,5
Kakao,55,25,18,4,5,599,신용카드,Male,37,Android,4250,7
Banner,55,18,13,4,2,1005,간편결제,Female,37,iOS,5050,5
Instagram,58,14,21,4,7,951,신용카드,Female,37,iOS,3250,8
Banner,59,11,20,5,6,685,신용카드,Female,37,Android,2400,5
Banner,60,30,20,7,3,1543,신용카드,Female,37,Android,7050,8
Instagram,63,16,14,4,3,458,간편결제,Female,37,iOS,2000,6
Youtube,64,16,13,4,2,607,계좌이체,Male,37,Android,4500,6
Banner,64,20,19,3,7,491,신용카드,Male,37,iOS,3850,5
Instagram,70,26,27,8,9,1044,신용카드,Female,37,iOS,2200,9
Kakao,77,18,24,4,10,304,간편결제,Male,37,Android,3000,6
Kakao,78,25,32,6,13,464,신용카드,Female,37,iOS,3150,7
Youtube,86,24,25,8,7,1608,신용카드,Female,37,iOS,5700,9
Kakao,6,11,5,0,5,188,간편결제,Female,38,iOS,5200,3
Kakao,12,5,9,0,7,116,신용카드,Male,38,Android,4350,1
Banner,14,13,5,0,5,138,간편결제,Female,38,iOS,3150,2
Facebook,16,22,4,0,4,304,신용카드,Male,38,Android,3850,1
Facebook,21,8,12,0,7,249,간편결제,Male,38,Android,3950,4
Instagram,23,14,8,0,6,400,신용카드,Female,38,Android,3450,5
Kakao,23,27,6,0,4,436,간편결제,Male,38,Android,,2
Banner,29,14,15,2,6,422,간편결제,Female,38,Android,3350,2
Facebook,29,12,7,2,2,687,신용카드,Male,38,iOS,7450,5
Kakao,29,17,6,0,4,200,간편결제,Male,38,Android,3150,4
Kakao,32,19,8,2,4,688,신용카드,Female,38,Android,6550,4
Kakao,32,20,13,1,6,476,간편결제,Male,38,Android,3000,3
Instagram,33,12,13,3,4,754,신용카드,Male,38,Android,7000,4
Banner,34,12,5,2,2,688,신용카드,Female,38,iOS,4050,6
Kakao,37,17,5,3,1,800,간편결제,Female,38,iOS,6900,5
Instagram,40,17,24,7,7,1150,간편결제,Female,38,iOS,4250,7
Instagram,41,17,7,2,2,353,간편결제,Male,38,Android,3150,4
Youtube,45,13,14,6,1,785,계좌이체,Male,38,Android,3900,6
Instagram,46,31,9,3,4,849,신용카드,Male,38,iOS,3050,5
Instagram,46,16,17,4,4,1026,계좌이체,Male,38,Android,5350,6
Kakao,46,15,10,2,5,374,신용카드,Male,38,iOS,3300,3
Youtube,47,14,5,4,1,922,간편결제,Female,38,iOS,4750,6
Instagram,48,33,21,9,2,1753,간편결제,Female,38,iOS,7000,9
Youtube,48,19,8,5,1,969,신용카드,Female,38,Android,3150,6
Kakao,49,38,28,8,9,1119,신용카드,Female,,iOS,4300,7
Facebook,50,36,33,9,11,1982,신용카드,Female,38,iOS,6150,8
Kakao,55,31,22,7,4,1491,간편결제,Male,38,Android,6550,5
Kakao,64,12,18,7,3,999,신용카드,Male,38,iOS,3450,7
Kakao,66,26,24,4,10,883,신용카드,Female,38,Android,4550,6
Facebook,69,29,31,8,11,980,간편결제,Female,38,iOS,4300,8
Instagram,73,24,30,5,13,962,간편결제,Female,38,iOS,4500,8
Youtube,74,28,25,8,7,1761,신용카드,Female,38,iOS,5000,6
Instagram,76,31,17,7,2,1525,신용카드,Male,38,Android,6900,8
Facebook,76,23,13,4,2,469,신용카드,Female,38,Android,3050,5
Banner,80,38,15,8,0,1768,간편결제,Female,38,iOS,5450,6
Instagram,90,35,44,9,17,1870,간편결제,Male,38,Android,6600,7
Instagram,6,17,6,0,4,169,간편결제,Male,39,Android,6150,2
Instagram,10,13,5,0,5,71,신용카드,Female,39,Android,3750,3
Banner,13,14,5,0,5,120,간편결제,Female,39,Android,4200,3
Kakao,13,16,5,0,5,123,계좌이체,Male,39,iOS,4250,1
Instagram,14,14,7,0,4,235,신용카드,Female,39,iOS,3350,4
Banner,17,25,7,0,4,332,신용카드,Female,39,Android,6550,3
Instagram,27,11,8,1,5,527,신용카드,Female,39,iOS,3650,2
Youtube,30,18,15,1,6,493,간편결제,Female,39,iOS,3600,3
Youtube,34,28,16,5,2,1095,신용카드,Female,39,iOS,6900,6
Kakao,35,30,7,4,0,919,신용카드,Female,39,Android,5150,5
Banner,40,18,17,4,4,664,신용카드,Male,39,Android,3550,6
Banner,43,26,12,5,2,455,신용카드,Female,39,iOS,3100,7
Instagram,43,34,5,3,1,728,신용카드,Male,39,iOS,4300,6
Facebook,45,15,25,8,7,1579,신용카드,Female,39,Android,6100,9
Instagram,45,16,14,3,4,848,신용카드,Male,39,iOS,4000,6
Kakao,46,25,21,4,7,413,간편결제,Male,39,Android,3100,7
Instagram,50,28,14,5,2,1190,신용카드,Male,39,Android,6700,6
Facebook,51,14,28,7,10,963,신용카드,Male,39,Android,3950,6
Kakao,51,30,17,5,4,1135,계좌이체,Female,39,Android,5000,5
Youtube,52,26,19,2,8,623,신용카드,Male,39,Android,3300,6
Youtube,53,21,10,6,2,885,신용카드,Female,39,iOS,3350,5
Instagram,59,25,9,6,1,1237,간편결제,Female,39,iOS,4700,5
Kakao,63,19,18,7,2,1321,간편결제,Male,39,Android,3400,6
Kakao,64,17,5,5,1,1097,신용카드,Female,39,iOS,5850,5
Instagram,64,37,8,5,1,1183,계좌이체,Female,39,iOS,6850,7
Youtube,76,39,12,7,0,1406,신용카드,Female,39,iOS,5900,7
Facebook,76,23,17,4,5,302,신용카드,Female,39,Android,3200,7
Instagram,82,19,30,8,10,1622,간편결제,Female,39,iOS,5500,5
Youtube,86,9,12,5,2,362,간편결제,Female,39,Android,3200,6
Youtube,6,12,6,0,4,131,간편결제,Male,40,iOS,4850,2
Facebook,7,18,5,0,5,158,신용카드,Male,40,Android,5750,1
Youtube,13,19,9,0,7,235,간편결제,Male,40,iOS,3750,1
Youtube,18,13,11,1,6,368,신용카드,Female,40,Android,5050,3
Facebook,18,20,6,0,4,305,간편결제,Female,40,iOS,5950,1
Kakao,21,30,8,1,5,443,계좌이체,Female,40,iOS,4800,3
Facebook,23,18,9,2,5,535,간편결제,Female,40,iOS,5100,5
Youtube,25,15,12,0,7,198,신용카드,Female,40,Android,3650,5
Instagram,29,26,14,3,4,858,간편결제,Female,40,iOS,7250,6
Instagram,31,32,10,3,4,746,신용카드,Female,40,iOS,7500,4
Instagram,31,25,15,0,7,361,신용카드,Female,40,Android,4200,2
Kakao,33,24,10,3,4,746,계좌이체,Female,40,iOS,6100,5
Facebook,34,31,12,3,4,795,신용카드,Female,40,Android,4900,4
Kakao,36,23,13,2,5,413,간편결제,Female,40,iOS,4150,6
Youtube,37,27,16,3,4,814,신용카드,Female,40,iOS,4700,5
Banner,38,33,19,5,5,1099,신용카드,Female,40,iOS,6850,5
Instagram,38,14,15,2,5,590,신용카드,Male,40,iOS,4250,4
Facebook,39,11,6,2,2,669,신용카드,Male,40,Android,7050,4
Instagram,40,27,14,4,3,903,신용카드,Female,40,iOS,4050,4
Instagram,41,34,14,3,4,833,신용카드,Female,40,Android,4850,6
Kakao,44,27,29,6,11,1190,신용카드,Female,40,Android,3650,9
Kakao,44,39,11,7,0,1452,신용카드,Male,40,iOS,5950,7
Banner,45,19,6,4,0,964,간편결제,Male,40,Android,5050,7
Facebook,46,23,10,6,2,734,신용카드,Female,40,Android,3500,7
Instagram,49,19,13,5,2,942,계좌이체,Female,40,Android,4150,6
Youtube,51,12,10,5,3,643,간편결제,Female,40,iOS,3500,5
Banner,52,12,18,3,6,451,계좌이체,Female,40,Android,3150,5
Facebook,54,13,8,4,3,612,계좌이체,Female,40,iOS,3500,4
Instagram,55,15,16,6,1,793,신용카드,Male,40,iOS,3950,8
Facebook,55,29,7,4,3,585,신용카드,Female,40,Android,3850,4
Instagram,58,36,11,6,0,1320,신용카드,Female,40,iOS,5400,7
Facebook,58,24,15,5,2,1146,간편결제,Female,40,iOS,6300,7
Kakao,58,12,19,4,6,584,간편결제,Female,40,iOS,4200,4
Youtube,65,18,15,5,3,734,신용카드,Female,40,iOS,3300,7
Banner,66,35,16,7,0,1424,계좌이체,Female,40,Android,5600,7
Kakao,67,26,20,5,6,719,신용카드,Male,40,Android,3500,5
Instagram,70,19,14,5,2,1101,신용카드,Male,40,iOS,3250,8
Youtube,71,11,11,4,2,495,신용카드,Male,40,iOS,3250,6
Instagram,72,27,12,5,2,714,신용카드,Female,40,Android,4450,8
Youtube,72,32,20,5,6,725,간편결제,Female,40,iOS,3000,8
Youtube,74,30,11,6,0,1080,간편결제,Female,40,iOS,4000,8
Youtube,76,29,13,5,1,954,신용카드,Male,40,Android,3250,6
Instagram,77,23,22,6,5,1109,신용카드,Female,40,iOS,4200,6
Kakao,79,40,13,6,0,1269,신용카드,Female,40,Android,5050,8
Youtube,82,22,27,7,9,1486,간편결제,Male,40,Android,5200,6
Instagram,84,25,16,7,0,1575,간편결제,Female,40,iOS,7150,5
Banner,13,11,7,0,4,57,신용카드,Male,41,Android,3250,2
Youtube,15,22,9,1,6,364,계좌이체,Male,41,iOS,6950,2
Instagram,17,12,7,1,3,360,계좌이체,Female,41,iOS,7400,3
Instagram,19,14,7,0,4,318,신용카드,Male,41,Android,6850,3
Banner,21,10,4,0,4,198,신용카드,Male,41,iOS,3200,1
Banner,21,25,6,0,4,318,신용카드,Male,41,Android,5750,1
Kakao,26,25,14,2,5,582,신용카드,Male,41,iOS,4200,3
Kakao,27,20,8,1,5,317,신용카드,Male,41,Android,4000,2
Facebook,29,13,12,2,5,589,신용카드,Female,41,iOS,4250,4
Instagram,29,7,6,1,3,277,간편결제,Female,41,Android,3150,1
Facebook,31,13,7,2,2,663,계좌이체,Female,41,iOS,5550,5
Instagram,31,33,7,3,1,793,신용카드,Male,41,Android,6950,4
Youtube,31,22,7,1,3,487,간편결제,Female,41,iOS,6400,3
Instagram,35,30,5,3,1,760,신용카드,Female,41,iOS,6600,5
Kakao,37,17,12,5,2,1152,신용카드,Female,41,iOS,6150,5
Instagram,39,18,22,6,5,1282,신용카드,Female,41,iOS,5500,7
Youtube,39,17,12,4,3,579,간편결제,Male,41,iOS,3750,4
Facebook,41,28,14,2,5,660,신용카드,Female,41,iOS,4250,5
Banner,42,16,24,6,8,1219,신용카드,Female,41,iOS,4600,7
Kakao,42,22,21,6,5,1349,신용카드,Female,41,iOS,6050,6
Banner,44,18,15,7,0,1433,신용카드,Female,41,iOS,7400,7
Kakao,46,19,16,3,4,706,신용카드,Female,41,iOS,3800,4
Banner,47,21,13,6,1,1373,신용카드,Female,41,Android,6000,7
Banner,48,12,24,6,9,889,신용카드,Female,41,iOS,4300,5
Banner,48,24,22,6,5,1287,간편결제,Female,41,iOS,5950,5
Instagram,53,14,17,3,6,702,신용카드,Female,41,Android,4700,5
Youtube,56,20,21,5,6,406,간편결제,Male,41,iOS,3250,6
Kakao,59,24,9,4,3,575,신용카드,Female,41,iOS,3650,8
Kakao,63,33,25,7,8,1511,간편결제,Male,41,Android,7200,8
Kakao,66,16,11,8,0,1731,신용카드,Female,41,iOS,5050,9
Youtube,67,25,26,7,9,730,신용카드,Female,41,iOS,3350,7
Kakao,77,15,11,5,1,1051,신용카드,Female,41,iOS,4850,6
Youtube,78,36,34,8,12,1497,신용카드,Female,41,iOS,3650,8
Banner,8,13,7,0,4,120,신용카드,Male,42,Android,3550,2
Kakao,13,16,6,0,4,88,계좌이체,Female,42,Android,3800,2
Kakao,14,18,9,0,7,152,신용카드,Male,42,Android,4600,3
Instagram,15,24,9,0,7,326,신용카드,Female,42,iOS,7400,1
Instagram,17,9,7,0,4,170,신용카드,Male,42,iOS,3050,1
Facebook,20,9,5,1,5,286,신용카드,Female,42,Android,3300,1
Banner,21,17,8,1,6,328,계좌이체,Male,42,iOS,3250,3
Banner,22,20,5,0,5,391,신용카드,Female,42,iOS,4550,1
Facebook,24,11,12,2,5,557,신용카드,Male,42,Android,6400,4
Youtube,29,13,12,2,5,534,신용카드,Female,42,Android,5200,4
Banner,30,17,10,0,7,197,신용카드,Female,42,iOS,3100,2
Facebook,30,16,13,0,7,164,신용카드,Male,42,iOS,3050,4
Facebook,37,34,22,7,4,1549,간편결제,Female,42,Android,7400,5
Youtube,38,32,12,3,4,703,신용카드,Female,42,Android,6900,5
Facebook,39,24,17,4,4,632,간편결제,Female,42,iOS,4400,4
Youtube,42,26,13,4,3,947,신용카드,Female,42,Android,5050,6
Youtube,42,21,20,3,8,522,신용카드,Female,42,iOS,3750,2
Banner,42,12,10,3,4,828,신용카드,Female,42,iOS,5100,5
Facebook,44,22,16,3,4,804,신용카드,Female,42,Android,7050,6
Instagram,45,13,5,2,2,629,신용카드,Male,42,iOS,3200,6
Kakao,47,34,11,4,3,926,간편결제,Male,42,Android,6500,4
Instagram,49,23,16,4,3,971,계좌이체,Female,42,iOS,4400,4
Facebook,51,16,13,6,1,1063,신용카드,Female,42,iOS,4250,8
Instagram,52,24,11,4,3,963,간편결제,Male,42,Android,3450,6
Banner,57,36,11,6,0,1373,계좌이체,Female,42,Android,5700,8
Instagram,59,26,32,9,10,1828,신용카드,Female,42,iOS,5600,7
Kakao,59,26,14,3,4,831,신용카드,Female,42,iOS,3750,5
Instagram,61,20,14,4,3,1032,간편결제,Male,42,Android,7350,7
Banner,67,21,25,5,10,625,신용카드,Female,42,iOS,3700,5
Facebook,67,15,25,6,9,1332,신용카드,Male,,Android,6500,7
Kakao,83,27,13,6,0,673,신용카드,Female,42,iOS,3450,5
Kakao,89,17,22,6,5,567,신용카드,Female,42,iOS,3150,7
Kakao,92,22,21,7,4,1371,간편결제,Female,42,iOS,3700,7
Youtube,97,40,41,9,16,1790,간편결제,Female,42,iOS,6050,8
Youtube,13,17,10,0,7,177,신용카드,Male,43,Android,6000,1
Kakao,17,9,4,0,4,301,계좌이체,Male,43,Android,4200,2
Youtube,38,35,12,4,3,958,간편결제,Female,43,Android,7400,6
Kakao,41,31,11,4,3,936,신용카드,Female,43,iOS,7450,4
Banner,43,31,16,4,3,971,계좌이체,Male,43,Android,5650,5
Instagram,45,31,17,3,5,823,신용카드,Male,43,iOS,5050,6
Youtube,49,19,30,7,11,1416,신용카드,Male,43,Android,4300,9
Instagram,50,39,14,7,0,1475,신용카드,Female,43,iOS,7450,5
Instagram,60,38,24,8,6,1710,신용카드,Female,43,iOS,5050,8
Kakao,60,36,20,7,3,1480,간편결제,Male,43,Android,5850,6
Youtube,65,22,23,4,10,927,신용카드,Female,43,iOS,4350,6
Youtube,67,29,20,5,5,1207,간편결제,Female,43,Android,6000,7
Youtube,69,20,13,6,0,1169,간편결제,Female,43,iOS,4900,5
Instagram,75,26,20,6,4,1052,계좌이체,Male,43,iOS,4450,7
Instagram,76,31,20,7,3,1512,신용카드,Female,43,iOS,6000,7
Youtube,82,15,13,6,0,1182,신용카드,Female,43,Android,4400,7
Kakao,8,9,6,0,4,162,신용카드,Female,44,iOS,5100,3
Youtube,9,9,6,0,4,107,신용카드,Male,44,Android,4500,2
Kakao,13,22,9,0,7,322,신용카드,Female,44,iOS,7300,3
Youtube,15,20,4,0,4,320,신용카드,Female,,Android,5700,3
Youtube,25,11,11,1,7,315,신용카드,Female,44,Android,4300,4
Instagram,27,18,10,1,6,487,간편결제,Male,44,iOS,7050,2
Instagram,28,19,14,2,5,594,신용카드,Male,44,Android,6850,4
Youtube,29,33,18,4,5,981,계좌이체,Female,44,iOS,7450,4
Kakao,34,14,13,2,5,652,신용카드,Female,44,iOS,5550,2
Youtube,36,29,8,3,3,760,신용카드,Male,44,iOS,4800,4
Facebook,43,22,20,2,8,654,신용카드,Female,44,iOS,4000,6
Facebook,45,26,18,5,4,1193,신용카드,Male,44,Android,6750,5
Facebook,46,20,23,6,6,1309,신용카드,Female,44,iOS,5300,5
Kakao,54,15,8,5,1,1102,계좌이체,Male,44,Android,6050,4
Instagram,61,19,12,4,3,880,신용카드,Female,44,Android,4600,4
Instagram,67,23,12,6,1,1383,신용카드,Female,44,iOS,6300,8
Facebook,68,27,17,7,2,1437,신용카드,Female,44,iOS,6700,6
Kakao,70,14,25,5,11,724,신용카드,Male,44,iOS,4000,4
Banner,76,16,30,9,9,1795,신용카드,Male,44,Android,5600,8
Instagram,80,29,18,6,3,749,신용카드,Female,44,iOS,4500,7
Instagram,93,25,14,7,0,900,신용카드,Female,44,Android,4050,9
Youtube,94,28,17,7,2,1447,신용카드,Male,44,iOS,5450,6
Facebook,15,21,7,0,4,306,신용카드,Female,45,iOS,5500,4
Facebook,16,20,10,0,7,308,신용카드,Male,45,Android,4800,2
Facebook,19,17,12,0,7,428,간편결제,Female,45,iOS,4950,2
Instagram,26,21,9,1,6,444,신용카드,Male,45,Android,4050,4
Facebook,28,23,15,0,7,436,신용카드,Male,45,Android,4450,5
Facebook,29,17,5,3,2,714,신용카드,Male,45,iOS,6000,4
Youtube,32,23,15,2,5,605,신용카드,Female,45,Android,4550,6
Kakao,33,23,16,3,4,510,계좌이체,Male,45,iOS,4250,4
Banner,33,12,5,1,4,556,신용카드,Female,45,Android,4900,5
Banner,34,21,12,2,5,708,신용카드,Male,45,iOS,4250,5
Kakao,34,12,7,2,2,616,신용카드,Female,45,iOS,4600,5
Instagram,37,11,13,2,5,651,신용카드,Female,45,Android,7350,5
Instagram,40,26,10,7,0,1324,신용카드,Female,45,iOS,4550,8
Youtube,46,26,22,7,4,1428,신용카드,Female,45,iOS,7100,8
Instagram,52,12,22,4,7,979,계좌이체,Female,45,iOS,4850,4
Banner,53,37,13,5,2,1150,간편결제,Female,45,iOS,6950,7
Youtube,89,23,36,8,14,1085,간편결제,Male,45,iOS,4100,7
Facebook,6,13,6,0,4,158,신용카드,Male,46,Android,7400,3
Facebook,15,9,7,1,3,358,신용카드,Female,46,iOS,6100,1
Kakao,37,16,11,2,5,618,계좌이체,Female,46,Android,5000,5
Banner,42,24,16,3,4,818,신용카드,Male,46,Android,5250,5
Kakao,47,29,14,7,0,1442,계좌이체,Female,46,iOS,5600,8
Youtube,48,33,8,4,2,895,신용카드,Female,46,iOS,6800,6
Kakao,72,20,14,5,2,1146,신용카드,Female,46,iOS,7300,4
Youtube,92,32,19,7,3,1360,간편결제,Female,46,iOS,5450,6
Instagram,22,16,8,0,6,338,신용카드,Male,47,Android,5800,2
Instagram,26,30,6,2,2,538,신용카드,Male,47,Android,7150,3
Youtube,28,25,13,2,5,535,간편결제,Female,47,iOS,,5
Instagram,33,32,12,3,4,747,신용카드,Male,47,Android,6400,4
Facebook,39,32,7,5,1,1103,신용카드,,,Android,7000,6
Youtube,60,33,11,8,0,1783,계좌이체,Female,47,iOS,6000,8
Youtube,60,22,13,4,2,1007,신용카드,Female,47,Android,6700,7
Youtube,87,22,20,9,1,1883,간편결제,Male,47,Android,6800,9
Youtube,7,11,7,0,4,158,계좌이체,Female,48,iOS,6250,2
Banner,12,20,8,0,6,309,간편결제,Female,48,iOS,5800,3
Kakao,13,12,4,1,3,393,간편결제,Male,48,Android,7450,2
Banner,13,7,3,1,3,394,신용카드,Female,48,Android,6250,4
Banner,14,24,7,0,4,335,간편결제,Male,48,Android,5350,1
Kakao,19,19,4,1,3,374,신용카드,Female,48,Android,6950,3
Kakao,28,31,12,3,4,764,신용카드,Female,48,iOS,6100,4
Kakao,29,15,10,2,5,655,신용카드,Female,48,iOS,6850,3
Instagram,35,38,19,5,5,1099,신용카드,Female,48,Android,6400,6
Youtube,46,21,13,7,0,1406,계좌이체,Female,48,iOS,7200,7
Youtube,61,33,23,7,5,1431,계좌이체,Male,48,Android,6550,5
Kakao,89,37,24,9,5,1760,간편결제,Female,48,iOS,6800,8
Facebook,14,15,8,0,6,343,신용카드,Female,49,Android,6350,4
Banner,14,7,7,0,4,321,간편결제,Male,49,Android,5500,4
Kakao,15,9,7,0,4,330,신용카드,Female,49,Android,5950,1
Youtube,18,13,8,1,5,373,신용카드,Female,49,iOS,6300,4
Instagram,19,18,5,0,5,316,신용카드,Male,49,Android,6450,4
Instagram,20,17,10,1,6,388,신용카드,Male,49,iOS,6650,4
Instagram,27,21,14,3,4,755,신용카드,Female,49,Android,7350,5
Instagram,33,25,14,3,4,735,신용카드,Female,49,Android,6700,3
Instagram,37,30,9,2,5,636,신용카드,Female,49,Android,6700,3
Kakao,40,25,12,6,1,1232,신용카드,Female,49,iOS,7050,4
Youtube,40,30,10,3,4,750,신용카드,Female,49,iOS,5000,6
Kakao,41,35,8,6,0,1351,신용카드,Male,49,Android,7250,7
Youtube,43,27,15,4,3,1000,신용카드,Female,49,iOS,7150,7
Banner,44,24,11,3,4,709,신용카드,Female,49,iOS,6650,4
Instagram,53,15,16,5,2,1088,간편결제,Female,49,iOS,5800,4
Kakao,58,37,20,6,4,1339,신용카드,Female,49,iOS,5800,7
Youtube,67,15,34,9,11,1889,신용카드,Female,49,iOS,5700,7
Banner,70,21,15,5,2,1163,신용카드,Male,49,iOS,6200,5
Instagram,74,16,8,6,0,1335,신용카드,Male,,iOS,6850,5
Instagram,78,18,33,8,12,1591,신용카드,Male,49,iOS,6850,7
Banner,0,0,0,0,0,0,,Male,26,Android,2284,
Facebook,0,0,0,0,0,0,,Female,29,iOS,1960,
Banner,0,0,0,0,0,0,,Male,29,iOS,1727,
Facebook,0,0,0,0,0,0,,Female,31,Android,2248,
Banner,0,0,0,0,0,0,,Male,31,Android,2405,
Banner,0,0,0,0,0,0,,Male,31,iOS,2359,
Banner,0,0,0,0,0,0,,Male,35,iOS,2858,
Facebook,0,0,0,0,0,0,,Male,26,iOS,2327,
Youtube,0,0,0,0,0,0,,Female,29,iOS,2101,
Instagram,0,0,0,0,0,0,,Male,29,iOS,1769,
Facebook,0,0,0,0,0,0,,Female,31,Android,2367,
Banner,0,0,0,0,0,0,,Male,31,Android,2471,
Banner,0,0,0,0,0,0,,Male,31,iOS,2536,
Facebook,0,0,0,0,0,0,,Female,35,iOS,3019,
Facebook,0,0,0,0,0,0,,Male,26,Android,2373,
Banner,0,0,0,0,0,0,,Female,29,iOS,2057,
Youtube,0,0,0,0,0,0,,Male,29,iOS,1742,
Instagram,0,0,0,0,0,0,,Female,31,Android,2379,
Banner,0,0,0,0,0,0,,Male,31,Android,2365,
Facebook,0,0,0,0,0,0,,Female,31,iOS,2402,
Youtube,0,0,0,0,0,0,,Male,35,iOS,2997,
Instagram,0,0,0,0,0,0,,Male,26,Android,2264,
Banner,0,0,0,0,0,0,,Female,29,iOS,1947,
Banner,0,0,0,0,0,0,,Male,29,iOS,1691,
Facebook,0,0,0,0,0,0,,Female,31,Android,2271,
Facebook,0,0,0,0,0,0,,Male,31,Android,2446,
Youtube,0,0,0,0,0,0,,Male,31,iOS,2460,
Instagram,0,0,0,0,0,0,,Female,35,iOS,2998,
Banner,0,0,0,0,0,0,,Male,31,Android,2483,
Facebook,0,0,0,0,0,0,,Male,36,iOS,2477,
Banner,0,0,0,0,0,0,,Female,35,iOS,3011,
Facebook,0,0,0,0,0,0,,Male,26,Android,2370,
Youtube,0,0,0,0,0,0,,Female,33,iOS,1993,
Instagram,0,0,0,0,0,0,,Male,29,iOS,1736,
Banner,0,0,0,0,0,0,,Female,31,iOS,2301,
Banner,0,0,0,0,0,0,,Male,27,Android,2455,
Facebook,0,0,0,0,0,0,,Male,31,iOS,2485,
Facebook,0,0,0,0,0,0,,Female,35,iOS,3021,
Youtube,0,0,0,0,0,0,,Male,26,Android,2349,
Instagram,0,0,0,0,0,0,,Male,26,iOS,1971,
Banner,0,0,0,0,0,0,,Male,29,iOS,1759,
Facebook,0,0,0,0,0,0,,Female,31,Android,2278,
Banner,0,0,0,0,0,0,,Female,35,Android,2460,
Facebook,0,0,0,0,0,0,,Male,31,iOS,2463,
Youtube,0,0,0,0,0,0,,Male,35,iOS,2995,
Instagram,0,0,0,0,0,0,,Male,28,Android,2345,
Banner,0,0,0,0,0,0,,Female,29,iOS,2010,
Banner,0,0,0,0,0,0,,Male,31,iOS,1742,
Facebook,0,0,0,0,0,0,,Female,31,Android,2294,
Facebook,0,0,0,0,0,0,,Male,28,Android,1942,
Youtube,0,0,0,0,0,0,,Male,31,iOS,1840,
Instagram,0,0,0,0,0,0,,Female,31,iOS,1621,
Banner,0,0,0,0,0,0,,Male,33,Android,2046,
Facebook,0,0,0,0,0,0,,Male,33,Android,2102,
Banner,0,0,0,0,0,0,,Female,33,iOS,2194,
Facebook,0,0,0,0,0,0,,Female,37,iOS,2414,
Youtube,0,0,0,0,0,0,,Male,28,Android,2058,
Instagram,0,0,0,0,0,0,,Female,31,iOS,1814,
Banner,0,0,0,0,0,0,,Male,31,iOS,1603,
Banner,0,0,0,0,0,0,,Female,33,Android,1921,
Facebook,0,0,0,0,0,0,,Male,33,Android,2177,
Facebook,0,0,0,0,0,0,,Male,33,iOS,2007,
Youtube,0,0,0,0,0,0,,Female,37,iOS,2580,
Instagram,0,0,0,0,0,0,,Male,28,Android,2082,
Banner,0,0,0,0,0,0,,Female,31,iOS,1665,
Facebook,0,0,0,0,0,0,,Female,31,iOS,1498,
Banner,0,0,0,0,0,0,,Female,33,Android,1975,
Facebook,0,0,0,0,0,0,,Male,33,Android,2118,
Youtube,0,0,0,0,0,0,,Female,33,iOS,2178,
Instagram,0,0,0,0,0,0,,Male,37,iOS,2511,
Banner,0,0,0,0,0,0,,Male,28,Android,2058,
Banner,0,0,0,0,0,0,,Female,31,iOS,1777,
Facebook,0,0,0,0,0,0,,Male,31,iOS,1493,
Facebook,0,0,0,0,0,0,,Female,33,iOS,1981,
Youtube,0,0,0,0,0,0,,Male,33,Android,2193,
Instagram,0,0,0,0,0,0,,Male,33,iOS,2121,
Banner,0,0,0,0,0,0,,Female,37,iOS,2515,
Facebook,0,0,0,0,0,0,,Male,33,Android,2058,
Banner,0,0,0,0,0,0,,Female,38,iOS,2060,
Facebook,0,0,0,0,0,0,,Female,37,iOS,2508,
Youtube,0,0,0,0,0,0,,Male,28,Android,2108,
Instagram,0,0,0,0,0,0,,Female,35,iOS,1792,
Banner,0,0,0,0,0,0,,Male,31,iOS,1495,
Banner,0,0,0,0,0,0,,Female,33,Android,1997,
Facebook,0,0,0,0,0,0,,Male,29,Android,2059,
Facebook,0,0,0,0,0,0,,Male,33,iOS,2143,
Youtube,0,0,0,0,0,0,,Female,37,iOS,2550,
Instagram,0,0,0,0,0,0,,Male,28,Android,2107,
Banner,0,0,0,0,0,0,,Female,28,iOS,1766,
Facebook,0,0,0,0,0,0,,Male,31,iOS,1598,
Banner,0,0,0,0,0,0,,Female,33,Android,1957,
Banner,0,0,0,0,0,0,,Female,37,Android,2108,
Facebook,0,0,0,0,0,0,,Male,33,iOS,2043,
Banner,0,0,0,0,0,0,,Female,37,iOS,2469,
Facebook,0,0,0,0,0,0,,Female,30,Android,2032,
Banner,0,0,0,0,0,0,,Female,31,iOS,1759,
Facebook,0,0,0,0,0,0,,Male,33,iOS,1620,
Banner,0,0,0,0,0,0,,Female,33,Android,1866,
Banner,0,0,0,0,0,0,,Female,37,Android,2076,
Facebook,0,0,0,0,0,0,,Male,33,iOS,2004,
